0.0,11245.0,132.32147199485806,158.28622637541463,34.94472709572478,60.996781597427606,64.3675854368714,90.7430697871162,10.619119956812062,7.345608088374456,52.85241685608544,36.57452911850378,175.78357280835812,57.69143012723246,86.46638973051586,142.75177410897007,5.0
1.0,11501.0,7.774566523287474,49.98794019356056,34.94472709572478,60.996781597427606,64.3675854368714,90.7430697871162,10.619119956812062,7.345608088374456,52.85241685608544,36.57452911850378,175.78357280835812,57.69143012723246,86.46638973051586,142.75177410897007,0.0
2.0,11814.0,132.28097374450252,155.0688059887061,34.94472709572478,60.996781597427606,64.3675854368714,90.7430697871162,10.619119956812062,7.345608088374456,52.85241685608544,36.57452911850378,175.78357280835812,57.69143012723246,86.46638973051586,142.75177410897007,5.0
3.0,11318.0,155.58967024497352,83.20949749606199,34.94472709572478,60.996781597427606,64.3675854368714,90.7430697871162,10.619119956812062,7.345608088374456,52.85241685608544,36.57452911850378,175.78357280835812,57.69143012723246,86.46638973051586,142.75177410897007,4.0
4.0,11411.0,77.49682517743557,84.42152635707951,34.94472709572478,60.996781597427606,64.3675854368714,90.7430697871162,10.619119956812062,7.345608088374456,52.85241685608544,36.57452911850378,175.78357280835812,57.69143012723246,86.46638973051586,142.75177410897007,1.0
5.0,11985.0,55.57609688904219,173.6333139525098,34.94472709572478,60.996781597427606,64.3675854368714,90.7430697871162,10.619119956812062,7.345608088374456,52.85241685608544,36.57452911850378,175.78357280835812,57.69143012723246,86.46638973051586,142.75177410897007,5.0
6.0,11713.0,99.75754968805452,158.44355151276486,34.94472709572478,60.996781597427606,64.3675854368714,90.7430697871162,10.619119956812062,7.345608088374456,52.85241685608544,36.57452911850378,175.78357280835812,57.69143012723246,86.46638973051586,142.75177410897007,5.0
7.0,11304.0,47.88761530293124,47.186143268109795,34.94472709572478,60.996781597427606,64.3675854368714,90.7430697871162,10.619119956812062,7.345608088374456,52.85241685608544,36.57452911850378,175.78357280835812,57.69143012723246,86.46638973051586,142.75177410897007,3.0
8.0,11772.0,88.35235401423498,77.84402327263093,34.94472709572478,60.996781597427606,64.3675854368714,90.7430697871162,10.619119956812062,7.345608088374456,52.85241685608544,36.57452911850378,175.78357280835812,57.69143012723246,86.46638973051586,142.75177410897007,1.0
9.0,11832.0,142.03003282288745,138.19212653888587,34.94472709572478,60.996781597427606,64.3675854368714,90.7430697871162,10.619119956812062,7.345608088374456,52.85241685608544,36.57452911850378,175.78357280835812,57.69143012723246,86.46638973051586,142.75177410897007,4.0
10.0,11240.0,92.56017082879069,129.81342039245783,34.94472709572478,60.996781597427606,64.3675854368714,90.7430697871162,10.619119956812062,7.345608088374456,52.85241685608544,36.57452911850378,175.78357280835812,57.69143012723246,86.46638973051586,142.75177410897007,5.0
11.0,11910.0,188.29936809480634,34.81905985689164,34.94472709572478,60.996781597427606,64.3675854368714,90.7430697871162,10.619119956812062,7.345608088374456,52.85241685608544,36.57452911850378,175.78357280835812,57.69143012723246,86.46638973051586,142.75177410897007,4.0
12.0,11844.0,11.005857277694675,88.08134625585589,34.94472709572478,60.996781597427606,64.3675854368714,90.7430697871162,10.619119956812062,7.345608088374456,52.85241685608544,36.57452911850378,175.78357280835812,57.69143012723246,86.46638973051586,142.75177410897007,0.0
13.0,11780.0,0.9299683987633811,124.80505422317356,34.94472709572478,60.996781597427606,64.3675854368714,90.7430697871162,10.619119956812062,7.345608088374456,52.85241685608544,36.57452911850378,175.78357280835812,57.69143012723246,86.46638973051586,142.75177410897007,2.0
14.0,11615.0,86.31449260298953,76.11368824916111,34.94472709572478,60.996781597427606,64.3675854368714,90.7430697871162,10.619119956812062,7.345608088374456,52.85241685608544,36.57452911850378,175.78357280835812,57.69143012723246,86.46638973051586,142.75177410897007,1.0
15.0,11586.0,192.4509897024084,40.626447493298045,34.94472709572478,60.996781597427606,64.3675854368714,90.7430697871162,10.619119956812062,7.345608088374456,52.85241685608544,36.57452911850378,175.78357280835812,57.69143012723246,86.46638973051586,142.75177410897007,4.0
16.0,11411.0,163.55792114846489,82.15627998743298,34.94472709572478,60.996781597427606,64.3675854368714,90.7430697871162,10.619119956812062,7.345608088374456,52.85241685608544,36.57452911850378,175.78357280835812,57.69143012723246,86.46638973051586,142.75177410897007,4.0
17.0,11281.0,125.34495638575531,83.65053781313117,34.94472709572478,60.996781597427606,64.3675854368714,90.7430697871162,10.619119956812062,7.345608088374456,52.85241685608544,36.57452911850378,175.78357280835812,57.69143012723246,86.46638973051586,142.75177410897007,4.0
18.0,11958.0,15.94261516404918,52.655291064034834,34.94472709572478,60.996781597427606,64.3675854368714,90.7430697871162,10.619119956812062,7.345608088374456,52.85241685608544,36.57452911850378,175.78357280835812,57.69143012723246,86.46638973051586,142.75177410897007,0.0
19.0,11413.0,180.7585467706491,69.53216882712296,34.94472709572478,60.996781597427606,64.3675854368714,90.7430697871162,10.619119956812062,7.345608088374456,52.85241685608544,36.57452911850378,175.78357280835812,57.69143012723246,86.46638973051586,142.75177410897007,4.0
20.0,11706.0,77.95610050703449,127.6714999171974,34.94472709572478,60.996781597427606,64.3675854368714,90.7430697871162,10.619119956812062,7.345608088374456,52.85241685608544,36.57452911850378,175.78357280835812,57.69143012723246,86.46638973051586,142.75177410897007,5.0
21.0,11562.0,172.87174795435888,152.45312395444267,34.94472709572478,60.996781597427606,64.3675854368714,90.7430697871162,10.619119956812062,7.345608088374456,52.85241685608544,36.57452911850378,175.78357280835812,57.69143012723246,86.46638973051586,142.75177410897007,2.0
22.0,11520.0,14.655445293607228,14.77651369863291,34.94472709572478,60.996781597427606,64.3675854368714,90.7430697871162,10.619119956812062,7.345608088374456,52.85241685608544,36.57452911850378,175.78357280835812,57.69143012723246,86.46638973051586,142.75177410897007,2.0
23.0,11394.0,74.06191114258847,148.87814944665502,34.94472709572478,60.996781597427606,64.3675854368714,90.7430697871162,10.619119956812062,7.345608088374456,52.85241685608544,36.57452911850378,175.78357280835812,57.69143012723246,86.46638973051586,142.75177410897007,5.0
24.0,11533.0,13.149941800382535,16.458723279631513,34.94472709572478,60.996781597427606,64.3675854368714,90.7430697871162,10.619119956812062,7.345608088374456,52.85241685608544,36.57452911850378,175.78357280835812,57.69143012723246,86.46638973051586,142.75177410897007,2.0
25.0,11810.0,88.56759098413119,92.65866010150079,34.94472709572478,60.996781597427606,64.3675854368714,90.7430697871162,10.619119956812062,7.345608088374456,52.85241685608544,36.57452911850378,175.78357280835812,57.69143012723246,86.46638973051586,142.75177410897007,1.0
26.0,11901.0,85.06976899441412,120.66994989612031,34.94472709572478,60.996781597427606,64.3675854368714,90.7430697871162,10.619119956812062,7.345608088374456,52.85241685608544,36.57452911850378,175.78357280835812,57.69143012723246,86.46638973051586,142.75177410897007,5.0
27.0,11298.0,66.25340730056091,96.83534973712705,34.94472709572478,60.996781597427606,64.3675854368714,90.7430697871162,10.619119956812062,7.345608088374456,52.85241685608544,36.57452911850378,175.78357280835812,57.69143012723246,86.46638973051586,142.75177410897007,1.0
28.0,11888.0,44.63148484520505,9.205370126230616,34.94472709572478,60.996781597427606,64.3675854368714,90.7430697871162,10.619119956812062,7.345608088374456,52.85241685608544,36.57452911850378,175.78357280835812,57.69143012723246,86.46638973051586,142.75177410897007,3.0
29.0,11524.0,111.23378941917383,85.45084938007051,34.94472709572478,60.996781597427606,64.3675854368714,90.7430697871162,10.619119956812062,7.345608088374456,52.85241685608544,36.57452911850378,175.78357280835812,57.69143012723246,86.46638973051586,142.75177410897007,0.0
30.0,11560.0,50.688849307207605,61.89551536848463,34.94472709572478,60.996781597427606,64.3675854368714,90.7430697871162,10.619119956812062,7.345608088374456,52.85241685608544,36.57452911850378,175.78357280835812,57.69143012723246,86.46638973051586,142.75177410897007,0.0
31.0,11393.0,170.99992605557986,160.27071274792607,34.94472709572478,60.996781597427606,64.3675854368714,90.7430697871162,10.619119956812062,7.345608088374456,52.85241685608544,36.57452911850378,175.78357280835812,57.69143012723246,86.46638973051586,142.75177410897007,5.0
32.0,11580.0,103.08803902663222,20.561969319810093,34.94472709572478,60.996781597427606,64.3675854368714,90.7430697871162,10.619119956812062,7.345608088374456,52.85241685608544,36.57452911850378,175.78357280835812,57.69143012723246,86.46638973051586,142.75177410897007,3.0
33.0,11269.0,172.07242082669845,114.43752126966717,34.94472709572478,60.996781597427606,64.3675854368714,90.7430697871162,10.619119956812062,7.345608088374456,52.85241685608544,36.57452911850378,175.78357280835812,57.69143012723246,86.46638973051586,142.75177410897007,4.0
34.0,11550.0,68.21868480429762,118.57506583769258,34.94472709572478,60.996781597427606,64.3675854368714,90.7430697871162,10.619119956812062,7.345608088374456,52.85241685608544,36.57452911850378,175.78357280835812,57.69143012723246,86.46638973051586,142.75177410897007,5.0
35.0,11742.0,3.715250397744785,124.68020226777942,34.94472709572478,60.996781597427606,64.3675854368714,90.7430697871162,10.619119956812062,7.345608088374456,52.85241685608544,36.57452911850378,175.78357280835812,57.69143012723246,86.46638973051586,142.75177410897007,0.0
36.0,11611.0,32.92637619089358,169.13913640689998,34.94472709572478,60.996781597427606,64.3675854368714,90.7430697871162,10.619119956812062,7.345608088374456,52.85241685608544,36.57452911850378,175.78357280835812,57.69143012723246,86.46638973051586,142.75177410897007,5.0
37.0,11902.0,22.45198834296609,35.2104890094862,34.94472709572478,60.996781597427606,64.3675854368714,90.7430697871162,10.619119956812062,7.345608088374456,52.85241685608544,36.57452911850378,175.78357280835812,57.69143012723246,86.46638973051586,142.75177410897007,0.0
38.0,11657.0,11.195676753430828,46.75365894131276,34.94472709572478,60.996781597427606,64.3675854368714,90.7430697871162,10.619119956812062,7.345608088374456,52.85241685608544,36.57452911850378,175.78357280835812,57.69143012723246,86.46638973051586,142.75177410897007,0.0
39.0,11569.0,163.84187250034,164.6082734748364,34.94472709572478,60.996781597427606,64.3675854368714,90.7430697871162,10.619119956812062,7.345608088374456,52.85241685608544,36.57452911850378,175.78357280835812,57.69143012723246,86.46638973051586,142.75177410897007,5.0
40.0,11601.0,148.53522890346582,102.08465388147746,34.94472709572478,60.996781597427606,64.3675854368714,90.7430697871162,10.619119956812062,7.345608088374456,52.85241685608544,36.57452911850378,175.78357280835812,57.69143012723246,86.46638973051586,142.75177410897007,4.0
41.0,11208.0,20.849237722452173,24.95233062998028,34.94472709572478,60.996781597427606,64.3675854368714,90.7430697871162,10.619119956812062,7.345608088374456,52.85241685608544,36.57452911850378,175.78357280835812,57.69143012723246,86.46638973051586,142.75177410897007,2.0
42.0,11782.0,146.85883672489325,30.364521819247024,34.94472709572478,60.996781597427606,64.3675854368714,90.7430697871162,10.619119956812062,7.345608088374456,52.85241685608544,36.57452911850378,175.78357280835812,57.69143012723246,86.46638973051586,142.75177410897007,4.0
43.0,11339.0,10.843180236022732,15.670853920608895,34.94472709572478,60.996781597427606,64.3675854368714,90.7430697871162,10.619119956812062,7.345608088374456,52.85241685608544,36.57452911850378,175.78357280835812,57.69143012723246,86.46638973051586,142.75177410897007,2.0
44.0,11661.0,107.81291311585603,155.3360942789136,34.94472709572478,60.996781597427606,64.3675854368714,90.7430697871162,10.619119956812062,7.345608088374456,52.85241685608544,36.57452911850378,175.78357280835812,57.69143012723246,86.46638973051586,142.75177410897007,5.0
45.0,11879.0,139.6215741181337,36.608748710414396,34.94472709572478,60.996781597427606,64.3675854368714,90.7430697871162,10.619119956812062,7.345608088374456,52.85241685608544,36.57452911850378,175.78357280835812,57.69143012723246,86.46638973051586,142.75177410897007,4.0
46.0,11363.0,74.01850678261268,48.526143025795406,34.94472709572478,60.996781597427606,64.3675854368714,90.7430697871162,10.619119956812062,7.345608088374456,52.85241685608544,36.57452911850378,175.78357280835812,57.69143012723246,86.46638973051586,142.75177410897007,3.0
47.0,11266.0,99.14635035976202,65.26377182387154,34.94472709572478,60.996781597427606,64.3675854368714,90.7430697871162,10.619119956812062,7.345608088374456,52.85241685608544,36.57452911850378,175.78357280835812,57.69143012723246,86.46638973051586,142.75177410897007,3.0
48.0,11353.0,92.52845675936221,65.4717930892493,34.94472709572478,60.996781597427606,64.3675854368714,90.7430697871162,10.619119956812062,7.345608088374456,52.85241685608544,36.57452911850378,175.78357280835812,57.69143012723246,86.46638973051586,142.75177410897007,3.0
49.0,11687.0,54.20235134938962,87.73153916652122,34.94472709572478,60.996781597427606,64.3675854368714,90.7430697871162,10.619119956812062,7.345608088374456,52.85241685608544,36.57452911850378,175.78357280835812,57.69143012723246,86.46638973051586,142.75177410897007,1.0
50.0,11662.0,76.61025066886329,130.8766968598606,34.94472709572478,60.996781597427606,64.3675854368714,90.7430697871162,10.619119956812062,7.345608088374456,52.85241685608544,36.57452911850378,175.78357280835812,57.69143012723246,86.46638973051586,142.75177410897007,5.0
51.0,11346.0,114.96689561444154,147.0643766309449,34.94472709572478,60.996781597427606,64.3675854368714,90.7430697871162,10.619119956812062,7.345608088374456,52.85241685608544,36.57452911850378,175.78357280835812,57.69143012723246,86.46638973051586,142.75177410897007,5.0
52.0,11904.0,40.497628398959385,54.16464210484819,34.94472709572478,60.996781597427606,64.3675854368714,90.7430697871162,10.619119956812062,7.345608088374456,52.85241685608544,36.57452911850378,175.78357280835812,57.69143012723246,86.46638973051586,142.75177410897007,0.0
53.0,11555.0,160.9802848679182,106.8426869156839,34.94472709572478,60.996781597427606,64.3675854368714,90.7430697871162,10.619119956812062,7.345608088374456,52.85241685608544,36.57452911850378,175.78357280835812,57.69143012723246,86.46638973051586,142.75177410897007,4.0
54.0,11640.0,159.40950924681653,14.008022764288386,34.94472709572478,60.996781597427606,64.3675854368714,90.7430697871162,10.619119956812062,7.345608088374456,52.85241685608544,36.57452911850378,175.78357280835812,57.69143012723246,86.46638973051586,142.75177410897007,4.0
55.0,11720.0,56.13777474680815,27.90180114102707,34.94472709572478,60.996781597427606,64.3675854368714,90.7430697871162,10.619119956812062,7.345608088374456,52.85241685608544,36.57452911850378,175.78357280835812,57.69143012723246,86.46638973051586,142.75177410897007,3.0
56.0,11757.0,132.90954439206334,158.91307436181347,34.94472709572478,60.996781597427606,64.3675854368714,90.7430697871162,10.619119956812062,7.345608088374456,52.85241685608544,36.57452911850378,175.78357280835812,57.69143012723246,86.46638973051586,142.75177410897007,5.0
57.0,11527.0,98.63869046679031,152.3445436436135,34.94472709572478,60.996781597427606,64.3675854368714,90.7430697871162,10.619119956812062,7.345608088374456,52.85241685608544,36.57452911850378,175.78357280835812,57.69143012723246,86.46638973051586,142.75177410897007,5.0
58.0,11291.0,20.667898468653647,143.12976529649,34.94472709572478,60.996781597427606,64.3675854368714,90.7430697871162,10.619119956812062,7.345608088374456,52.85241685608544,36.57452911850378,175.78357280835812,57.69143012723246,86.46638973051586,142.75177410897007,5.0
59.0,11375.0,4.367576563313524,128.08927160991254,34.94472709572478,60.996781597427606,64.3675854368714,90.7430697871162,10.619119956812062,7.345608088374456,52.85241685608544,36.57452911850378,175.78357280835812,57.69143012723246,86.46638973051586,142.75177410897007,0.0
60.0,11271.0,94.81525149979969,118.57874409078413,34.94472709572478,60.996781597427606,64.3675854368714,90.7430697871162,10.619119956812062,7.345608088374456,52.85241685608544,36.57452911850378,175.78357280835812,57.69143012723246,86.46638973051586,142.75177410897007,5.0
61.0,11443.0,184.95094989522266,53.93242148549391,34.94472709572478,60.996781597427606,64.3675854368714,90.7430697871162,10.619119956812062,7.345608088374456,52.85241685608544,36.57452911850378,175.78357280835812,57.69143012723246,86.46638973051586,142.75177410897007,4.0
62.0,11649.0,75.38725388797121,131.3364180597807,34.94472709572478,60.996781597427606,64.3675854368714,90.7430697871162,10.619119956812062,7.345608088374456,52.85241685608544,36.57452911850378,175.78357280835812,57.69143012723246,86.46638973051586,142.75177410897007,5.0
63.0,11803.0,61.15840613334602,186.2316606796669,34.94472709572478,60.996781597427606,64.3675854368714,90.7430697871162,10.619119956812062,7.345608088374456,52.85241685608544,36.57452911850378,175.78357280835812,57.69143012723246,86.46638973051586,142.75177410897007,5.0
64.0,11918.0,116.83393490295273,163.26917491374624,34.94472709572478,60.996781597427606,64.3675854368714,90.7430697871162,10.619119956812062,7.345608088374456,52.85241685608544,36.57452911850378,175.78357280835812,57.69143012723246,86.46638973051586,142.75177410897007,5.0
65.0,11994.0,4.91550553854081,143.4985199733894,34.94472709572478,60.996781597427606,64.3675854368714,90.7430697871162,10.619119956812062,7.345608088374456,52.85241685608544,36.57452911850378,175.78357280835812,57.69143012723246,86.46638973051586,142.75177410897007,5.0
66.0,11851.0,198.83537840422926,39.82163191726711,34.94472709572478,60.996781597427606,64.3675854368714,90.7430697871162,10.619119956812062,7.345608088374456,52.85241685608544,36.57452911850378,175.78357280835812,57.69143012723246,86.46638973051586,142.75177410897007,4.0
67.0,11834.0,196.08234305014594,26.532333695905706,34.94472709572478,60.996781597427606,64.3675854368714,90.7430697871162,10.619119956812062,7.345608088374456,52.85241685608544,36.57452911850378,175.78357280835812,57.69143012723246,86.46638973051586,142.75177410897007,4.0
68.0,11689.0,82.07065444737434,43.4600276051269,34.94472709572478,60.996781597427606,64.3675854368714,90.7430697871162,10.619119956812062,7.345608088374456,52.85241685608544,36.57452911850378,175.78357280835812,57.69143012723246,86.46638973051586,142.75177410897007,3.0
69.0,11606.0,175.30110851771508,117.68100769285678,34.94472709572478,60.996781597427606,64.3675854368714,90.7430697871162,10.619119956812062,7.345608088374456,52.85241685608544,36.57452911850378,175.78357280835812,57.69143012723246,86.46638973051586,142.75177410897007,4.0
70.0,11828.0,10.029521018808406,110.36940488735914,34.94472709572478,60.996781597427606,64.3675854368714,90.7430697871162,10.619119956812062,7.345608088374456,52.85241685608544,36.57452911850378,175.78357280835812,57.69143012723246,86.46638973051586,142.75177410897007,0.0
71.0,11279.0,151.65187105151134,87.79139848537147,34.94472709572478,60.996781597427606,64.3675854368714,90.7430697871162,10.619119956812062,7.345608088374456,52.85241685608544,36.57452911850378,175.78357280835812,57.69143012723246,86.46638973051586,142.75177410897007,4.0
72.0,11651.0,137.1786634704271,165.13354135088548,34.94472709572478,60.996781597427606,64.3675854368714,90.7430697871162,10.619119956812062,7.345608088374456,52.85241685608544,36.57452911850378,175.78357280835812,57.69143012723246,86.46638973051586,142.75177410897007,5.0
73.0,11582.0,62.62122376617416,13.902327999487918,34.94472709572478,60.996781597427606,64.3675854368714,90.7430697871162,10.619119956812062,7.345608088374456,52.85241685608544,36.57452911850378,175.78357280835812,57.69143012723246,86.46638973051586,142.75177410897007,3.0
74.0,11390.0,161.23061967131193,190.15339710836855,34.94472709572478,60.996781597427606,64.3675854368714,90.7430697871162,10.619119956812062,7.345608088374456,52.85241685608544,36.57452911850378,175.78357280835812,57.69143012723246,86.46638973051586,142.75177410897007,5.0
75.0,11350.0,61.20431933257673,52.196618770331504,34.94472709572478,60.996781597427606,64.3675854368714,90.7430697871162,10.619119956812062,7.345608088374456,52.85241685608544,36.57452911850378,175.78357280835812,57.69143012723246,86.46638973051586,142.75177410897007,3.0
76.0,11626.0,8.996101778084098,8.30321573284154,34.94472709572478,60.996781597427606,64.3675854368714,90.7430697871162,10.619119956812062,7.345608088374456,52.85241685608544,36.57452911850378,175.78357280835812,57.69143012723246,86.46638973051586,142.75177410897007,2.0
77.0,11508.0,111.14380385197369,148.33858200251058,34.94472709572478,60.996781597427606,64.3675854368714,90.7430697871162,10.619119956812062,7.345608088374456,52.85241685608544,36.57452911850378,175.78357280835812,57.69143012723246,86.46638973051586,142.75177410897007,5.0
78.0,11552.0,110.66864755629182,193.95099857119334,34.94472709572478,60.996781597427606,64.3675854368714,90.7430697871162,10.619119956812062,7.345608088374456,52.85241685608544,36.57452911850378,175.78357280835812,57.69143012723246,86.46638973051586,142.75177410897007,5.0
79.0,11330.0,51.020545739821266,166.8863351450449,34.94472709572478,60.996781597427606,64.3675854368714,90.7430697871162,10.619119956812062,7.345608088374456,52.85241685608544,36.57452911850378,175.78357280835812,57.69143012723246,86.46638973051586,142.75177410897007,5.0
80.0,11693.0,53.34048492213823,109.96131075566345,34.94472709572478,60.996781597427606,64.3675854368714,90.7430697871162,10.619119956812062,7.345608088374456,52.85241685608544,36.57452911850378,175.78357280835812,57.69143012723246,86.46638973051586,142.75177410897007,1.0
81.0,11834.0,30.61801372530255,187.49795211915833,34.94472709572478,60.996781597427606,64.3675854368714,90.7430697871162,10.619119956812062,7.345608088374456,52.85241685608544,36.57452911850378,175.78357280835812,57.69143012723246,86.46638973051586,142.75177410897007,5.0
82.0,11774.0,20.278371353394252,113.66870641399404,34.94472709572478,60.996781597427606,64.3675854368714,90.7430697871162,10.619119956812062,7.345608088374456,52.85241685608544,36.57452911850378,175.78357280835812,57.69143012723246,86.46638973051586,142.75177410897007,0.0
83.0,11346.0,142.36727523585074,26.707461768848194,34.94472709572478,60.996781597427606,64.3675854368714,90.7430697871162,10.619119956812062,7.345608088374456,52.85241685608544,36.57452911850378,175.78357280835812,57.69143012723246,86.46638973051586,142.75177410897007,4.0
84.0,11755.0,49.630607914268296,177.6683102215986,34.94472709572478,60.996781597427606,64.3675854368714,90.7430697871162,10.619119956812062,7.345608088374456,52.85241685608544,36.57452911850378,175.78357280835812,57.69143012723246,86.46638973051586,142.75177410897007,5.0
85.0,11978.0,114.18966742576642,172.84465871228417,34.94472709572478,60.996781597427606,64.3675854368714,90.7430697871162,10.619119956812062,7.345608088374456,52.85241685608544,36.57452911850378,175.78357280835812,57.69143012723246,86.46638973051586,142.75177410897007,5.0
86.0,11361.0,64.23449956099996,166.5502417061836,34.94472709572478,60.996781597427606,64.3675854368714,90.7430697871162,10.619119956812062,7.345608088374456,52.85241685608544,36.57452911850378,175.78357280835812,57.69143012723246,86.46638973051586,142.75177410897007,5.0
87.0,11353.0,4.073444442650875,59.70888623668882,34.94472709572478,60.996781597427606,64.3675854368714,90.7430697871162,10.619119956812062,7.345608088374456,52.85241685608544,36.57452911850378,175.78357280835812,57.69143012723246,86.46638973051586,142.75177410897007,0.0
88.0,11701.0,32.62539898097132,151.7755290518408,34.94472709572478,60.996781597427606,64.3675854368714,90.7430697871162,10.619119956812062,7.345608088374456,52.85241685608544,36.57452911850378,175.78357280835812,57.69143012723246,86.46638973051586,142.75177410897007,5.0
89.0,11994.0,71.15226916790871,163.73263977045673,34.94472709572478,60.996781597427606,64.3675854368714,90.7430697871162,10.619119956812062,7.345608088374456,52.85241685608544,36.57452911850378,175.78357280835812,57.69143012723246,86.46638973051586,142.75177410897007,5.0
90.0,11999.0,93.81709833904164,117.29820214223139,34.94472709572478,60.996781597427606,64.3675854368714,90.7430697871162,10.619119956812062,7.345608088374456,52.85241685608544,36.57452911850378,175.78357280835812,57.69143012723246,86.46638973051586,142.75177410897007,5.0
91.0,11758.0,181.53443571574243,63.82658717168519,34.94472709572478,60.996781597427606,64.3675854368714,90.7430697871162,10.619119956812062,7.345608088374456,52.85241685608544,36.57452911850378,175.78357280835812,57.69143012723246,86.46638973051586,142.75177410897007,4.0
92.0,11434.0,107.73399080873848,122.60666405856317,34.94472709572478,60.996781597427606,64.3675854368714,90.7430697871162,10.619119956812062,7.345608088374456,52.85241685608544,36.57452911850378,175.78357280835812,57.69143012723246,86.46638973051586,142.75177410897007,5.0
93.0,11383.0,12.505922239351985,137.9023096864607,34.94472709572478,60.996781597427606,64.3675854368714,90.7430697871162,10.619119956812062,7.345608088374456,52.85241685608544,36.57452911850378,175.78357280835812,57.69143012723246,86.46638973051586,142.75177410897007,5.0
94.0,11820.0,65.20617854935963,139.6594013048003,34.94472709572478,60.996781597427606,64.3675854368714,90.7430697871162,10.619119956812062,7.345608088374456,52.85241685608544,36.57452911850378,175.78357280835812,57.69143012723246,86.46638973051586,142.75177410897007,5.0
95.0,11749.0,114.76172080825546,137.84452742229195,34.94472709572478,60.996781597427606,64.3675854368714,90.7430697871162,10.619119956812062,7.345608088374456,52.85241685608544,36.57452911850378,175.78357280835812,57.69143012723246,86.46638973051586,142.75177410897007,5.0
96.0,11761.0,61.764956160551,133.741701413961,34.94472709572478,60.996781597427606,64.3675854368714,90.7430697871162,10.619119956812062,7.345608088374456,52.85241685608544,36.57452911850378,175.78357280835812,57.69143012723246,86.46638973051586,142.75177410897007,5.0
97.0,11359.0,55.931113966369516,198.2609874194948,34.94472709572478,60.996781597427606,64.3675854368714,90.7430697871162,10.619119956812062,7.345608088374456,52.85241685608544,36.57452911850378,175.78357280835812,57.69143012723246,86.46638973051586,142.75177410897007,5.0
98.0,11993.0,88.50060337127998,194.4491466988649,34.94472709572478,60.996781597427606,64.3675854368714,90.7430697871162,10.619119956812062,7.345608088374456,52.85241685608544,36.57452911850378,175.78357280835812,57.69143012723246,86.46638973051586,142.75177410897007,5.0
99.0,11894.0,80.0576446977844,178.73182608589426,34.94472709572478,60.996781597427606,64.3675854368714,90.7430697871162,10.619119956812062,7.345608088374456,52.85241685608544,36.57452911850378,175.78357280835812,57.69143012723246,86.46638973051586,142.75177410897007,5.0
100.0,11345.0,6.100725380193528,82.02870826943457,34.94472709572478,60.996781597427606,64.3675854368714,90.7430697871162,10.619119956812062,7.345608088374456,52.85241685608544,36.57452911850378,175.78357280835812,57.69143012723246,86.46638973051586,142.75177410897007,0.0
101.0,11262.0,90.42126947519687,164.62530645559596,34.94472709572478,60.996781597427606,64.3675854368714,90.7430697871162,10.619119956812062,7.345608088374456,52.85241685608544,36.57452911850378,175.78357280835812,57.69143012723246,86.46638973051586,142.75177410897007,5.0
102.0,11495.0,174.57498063989198,33.43827221402107,34.94472709572478,60.996781597427606,64.3675854368714,90.7430697871162,10.619119956812062,7.345608088374456,52.85241685608544,36.57452911850378,175.78357280835812,57.69143012723246,86.46638973051586,142.75177410897007,4.0
103.0,11790.0,47.851052774136726,124.46903584718743,34.94472709572478,60.996781597427606,64.3675854368714,90.7430697871162,10.619119956812062,7.345608088374456,52.85241685608544,36.57452911850378,175.78357280835812,57.69143012723246,86.46638973051586,142.75177410897007,5.0
104.0,11446.0,20.736112229082583,186.29473144795236,34.94472709572478,60.996781597427606,64.3675854368714,90.7430697871162,10.619119956812062,7.345608088374456,52.85241685608544,36.57452911850378,175.78357280835812,57.69143012723246,86.46638973051586,142.75177410897007,5.0
105.0,11883.0,55.79412149066896,113.30738394180588,34.94472709572478,60.996781597427606,64.3675854368714,90.7430697871162,10.619119956812062,7.345608088374456,52.85241685608544,36.57452911850378,175.78357280835812,57.69143012723246,86.46638973051586,142.75177410897007,1.0
106.0,11462.0,58.38861329296099,71.01286692103463,34.94472709572478,60.996781597427606,64.3675854368714,90.7430697871162,10.619119956812062,7.345608088374456,52.85241685608544,36.57452911850378,175.78357280835812,57.69143012723246,86.46638973051586,142.75177410897007,0.0
107.0,11356.0,177.7870765317545,178.593114227074,34.94472709572478,60.996781597427606,64.3675854368714,90.7430697871162,10.619119956812062,7.345608088374456,52.85241685608544,36.57452911850378,175.78357280835812,57.69143012723246,86.46638973051586,142.75177410897007,5.0
108.0,11534.0,188.89621020021022,196.9929038776254,34.94472709572478,60.996781597427606,64.3675854368714,90.7430697871162,10.619119956812062,7.345608088374456,52.85241685608544,36.57452911850378,175.78357280835812,57.69143012723246,86.46638973051586,142.75177410897007,5.0
109.0,11444.0,103.08334381906785,87.42259165214872,34.94472709572478,60.996781597427606,64.3675854368714,90.7430697871162,10.619119956812062,7.345608088374456,52.85241685608544,36.57452911850378,175.78357280835812,57.69143012723246,86.46638973051586,142.75177410897007,1.0
110.0,11735.0,159.97633247549606,155.62997307456033,34.94472709572478,60.996781597427606,64.3675854368714,90.7430697871162,10.619119956812062,7.345608088374456,52.85241685608544,36.57452911850378,175.78357280835812,57.69143012723246,86.46638973051586,142.75177410897007,5.0
111.0,11502.0,12.5462827224734,161.4645758746934,34.94472709572478,60.996781597427606,64.3675854368714,90.7430697871162,10.619119956812062,7.345608088374456,52.85241685608544,36.57452911850378,175.78357280835812,57.69143012723246,86.46638973051586,142.75177410897007,5.0
112.0,11640.0,158.28639488492934,167.10286434461176,34.94472709572478,60.996781597427606,64.3675854368714,90.7430697871162,10.619119956812062,7.345608088374456,52.85241685608544,36.57452911850378,175.78357280835812,57.69143012723246,86.46638973051586,142.75177410897007,5.0
113.0,11288.0,137.1402057786978,16.121026029679243,34.94472709572478,60.996781597427606,64.3675854368714,90.7430697871162,10.619119956812062,7.345608088374456,52.85241685608544,36.57452911850378,175.78357280835812,57.69143012723246,86.46638973051586,142.75177410897007,4.0
114.0,11483.0,139.60124987466406,180.790707029413,34.94472709572478,60.996781597427606,64.3675854368714,90.7430697871162,10.619119956812062,7.345608088374456,52.85241685608544,36.57452911850378,175.78357280835812,57.69143012723246,86.46638973051586,142.75177410897007,5.0
115.0,11933.0,32.14606418129931,120.47038123682823,34.94472709572478,60.996781597427606,64.3675854368714,90.7430697871162,10.619119956812062,7.345608088374456,52.85241685608544,36.57452911850378,175.78357280835812,57.69143012723246,86.46638973051586,142.75177410897007,5.0
116.0,11905.0,127.74325644814337,142.96732704210027,34.94472709572478,60.996781597427606,64.3675854368714,90.7430697871162,10.619119956812062,7.345608088374456,52.85241685608544,36.57452911850378,175.78357280835812,57.69143012723246,86.46638973051586,142.75177410897007,5.0
117.0,11959.0,65.35805891019099,156.3181667354678,34.94472709572478,60.996781597427606,64.3675854368714,90.7430697871162,10.619119956812062,7.345608088374456,52.85241685608544,36.57452911850378,175.78357280835812,57.69143012723246,86.46638973051586,142.75177410897007,5.0
118.0,11286.0,77.5147514299672,150.6258849835755,34.94472709572478,60.996781597427606,64.3675854368714,90.7430697871162,10.619119956812062,7.345608088374456,52.85241685608544,36.57452911850378,175.78357280835812,57.69143012723246,86.46638973051586,142.75177410897007,5.0
119.0,11417.0,48.96288755191163,66.18812049838645,34.94472709572478,60.996781597427606,64.3675854368714,90.7430697871162,10.619119956812062,7.345608088374456,52.85241685608544,36.57452911850378,175.78357280835812,57.69143012723246,86.46638973051586,142.75177410897007,0.0
120.0,11352.0,149.93823095327886,64.42731179682877,34.94472709572478,60.996781597427606,64.3675854368714,90.7430697871162,10.619119956812062,7.345608088374456,52.85241685608544,36.57452911850378,175.78357280835812,57.69143012723246,86.46638973051586,142.75177410897007,4.0
121.0,11663.0,112.38405329674059,175.1769244775253,34.94472709572478,60.996781597427606,64.3675854368714,90.7430697871162,10.619119956812062,7.345608088374456,52.85241685608544,36.57452911850378,175.78357280835812,57.69143012723246,86.46638973051586,142.75177410897007,5.0
122.0,11791.0,43.4004537254866,98.28150356116791,34.94472709572478,60.996781597427606,64.3675854368714,90.7430697871162,10.619119956812062,7.345608088374456,52.85241685608544,36.57452911850378,175.78357280835812,57.69143012723246,86.46638973051586,142.75177410897007,1.0
123.0,11816.0,170.49561357380864,107.24725708878226,34.94472709572478,60.996781597427606,64.3675854368714,90.7430697871162,10.619119956812062,7.345608088374456,52.85241685608544,36.57452911850378,175.78357280835812,57.69143012723246,86.46638973051586,142.75177410897007,4.0
124.0,11588.0,69.45502297043885,155.39390413349787,34.94472709572478,60.996781597427606,64.3675854368714,90.7430697871162,10.619119956812062,7.345608088374456,52.85241685608544,36.57452911850378,175.78357280835812,57.69143012723246,86.46638973051586,142.75177410897007,5.0
125.0,11694.0,51.72203750567552,161.5221549600975,34.94472709572478,60.996781597427606,64.3675854368714,90.7430697871162,10.619119956812062,7.345608088374456,52.85241685608544,36.57452911850378,175.78357280835812,57.69143012723246,86.46638973051586,142.75177410897007,5.0
126.0,11983.0,173.82470308127006,71.28749540066912,34.94472709572478,60.996781597427606,64.3675854368714,90.7430697871162,10.619119956812062,7.345608088374456,52.85241685608544,36.57452911850378,175.78357280835812,57.69143012723246,86.46638973051586,142.75177410897007,4.0
127.0,11805.0,71.96442761465423,59.746229821495824,34.94472709572478,60.996781597427606,64.3675854368714,90.7430697871162,10.619119956812062,7.345608088374456,52.85241685608544,36.57452911850378,175.78357280835812,57.69143012723246,86.46638973051586,142.75177410897007,3.0
128.0,11534.0,92.4755342757146,66.31115081414268,34.94472709572478,60.996781597427606,64.3675854368714,90.7430697871162,10.619119956812062,7.345608088374456,52.85241685608544,36.57452911850378,175.78357280835812,57.69143012723246,86.46638973051586,142.75177410897007,1.0
129.0,11736.0,32.55144805130645,91.65245147784955,34.94472709572478,60.996781597427606,64.3675854368714,90.7430697871162,10.619119956812062,7.345608088374456,52.85241685608544,36.57452911850378,175.78357280835812,57.69143012723246,86.46638973051586,142.75177410897007,0.0
130.0,11664.0,164.529267396731,127.99230507723851,34.94472709572478,60.996781597427606,64.3675854368714,90.7430697871162,10.619119956812062,7.345608088374456,52.85241685608544,36.57452911850378,175.78357280835812,57.69143012723246,86.46638973051586,142.75177410897007,4.0
131.0,11366.0,145.88514193874647,38.84750989057872,34.94472709572478,60.996781597427606,64.3675854368714,90.7430697871162,10.619119956812062,7.345608088374456,52.85241685608544,36.57452911850378,175.78357280835812,57.69143012723246,86.46638973051586,142.75177410897007,4.0
132.0,11699.0,33.28743402722223,198.54937518150655,34.94472709572478,60.996781597427606,64.3675854368714,90.7430697871162,10.619119956812062,7.345608088374456,52.85241685608544,36.57452911850378,175.78357280835812,57.69143012723246,86.46638973051586,142.75177410897007,5.0
133.0,11856.0,48.856819635347804,89.4131906807478,34.94472709572478,60.996781597427606,64.3675854368714,90.7430697871162,10.619119956812062,7.345608088374456,52.85241685608544,36.57452911850378,175.78357280835812,57.69143012723246,86.46638973051586,142.75177410897007,1.0
134.0,11336.0,193.16027883569566,159.03138089799018,34.94472709572478,60.996781597427606,64.3675854368714,90.7430697871162,10.619119956812062,7.345608088374456,52.85241685608544,36.57452911850378,175.78357280835812,57.69143012723246,86.46638973051586,142.75177410897007,5.0
135.0,11827.0,50.63760395471473,143.85591388294188,34.94472709572478,60.996781597427606,64.3675854368714,90.7430697871162,10.619119956812062,7.345608088374456,52.85241685608544,36.57452911850378,175.78357280835812,57.69143012723246,86.46638973051586,142.75177410897007,5.0
136.0,11305.0,165.1777280118617,72.75590749387078,34.94472709572478,60.996781597427606,64.3675854368714,90.7430697871162,10.619119956812062,7.345608088374456,52.85241685608544,36.57452911850378,175.78357280835812,57.69143012723246,86.46638973051586,142.75177410897007,4.0
137.0,11864.0,145.93937605789154,102.12405817993199,34.94472709572478,60.996781597427606,64.3675854368714,90.7430697871162,10.619119956812062,7.345608088374456,52.85241685608544,36.57452911850378,175.78357280835812,57.69143012723246,86.46638973051586,142.75177410897007,4.0
138.0,11885.0,57.0176386744073,36.95275514823604,34.94472709572478,60.996781597427606,64.3675854368714,90.7430697871162,10.619119956812062,7.345608088374456,52.85241685608544,36.57452911850378,175.78357280835812,57.69143012723246,86.46638973051586,142.75177410897007,3.0
139.0,11831.0,81.93392648597116,24.39220741987458,34.94472709572478,60.996781597427606,64.3675854368714,90.7430697871162,10.619119956812062,7.345608088374456,52.85241685608544,36.57452911850378,175.78357280835812,57.69143012723246,86.46638973051586,142.75177410897007,3.0
140.0,11549.0,13.475706406522182,107.75940548438501,34.94472709572478,60.996781597427606,64.3675854368714,90.7430697871162,10.619119956812062,7.345608088374456,52.85241685608544,36.57452911850378,175.78357280835812,57.69143012723246,86.46638973051586,142.75177410897007,0.0
141.0,11485.0,151.88888714381397,32.32174953658058,34.94472709572478,60.996781597427606,64.3675854368714,90.7430697871162,10.619119956812062,7.345608088374456,52.85241685608544,36.57452911850378,175.78357280835812,57.69143012723246,86.46638973051586,142.75177410897007,4.0
142.0,11482.0,85.66163801696429,6.919726247796509,34.94472709572478,60.996781597427606,64.3675854368714,90.7430697871162,10.619119956812062,7.345608088374456,52.85241685608544,36.57452911850378,175.78357280835812,57.69143012723246,86.46638973051586,142.75177410897007,0.0
143.0,11290.0,126.60528769134179,165.49862263887746,34.94472709572478,60.996781597427606,64.3675854368714,90.7430697871162,10.619119956812062,7.345608088374456,52.85241685608544,36.57452911850378,175.78357280835812,57.69143012723246,86.46638973051586,142.75177410897007,5.0
144.0,11947.0,165.204712632288,43.78023987410049,34.94472709572478,60.996781597427606,64.3675854368714,90.7430697871162,10.619119956812062,7.345608088374456,52.85241685608544,36.57452911850378,175.78357280835812,57.69143012723246,86.46638973051586,142.75177410897007,4.0
145.0,11254.0,129.5720789612172,183.44169722347453,34.94472709572478,60.996781597427606,64.3675854368714,90.7430697871162,10.619119956812062,7.345608088374456,52.85241685608544,36.57452911850378,175.78357280835812,57.69143012723246,86.46638973051586,142.75177410897007,5.0
146.0,11994.0,79.31361192977077,106.75770243146252,34.94472709572478,60.996781597427606,64.3675854368714,90.7430697871162,10.619119956812062,7.345608088374456,52.85241685608544,36.57452911850378,175.78357280835812,57.69143012723246,86.46638973051586,142.75177410897007,1.0
147.0,11897.0,149.14312821502952,162.69711421469435,34.94472709572478,60.996781597427606,64.3675854368714,90.7430697871162,10.619119956812062,7.345608088374456,52.85241685608544,36.57452911850378,175.78357280835812,57.69143012723246,86.46638973051586,142.75177410897007,5.0
148.0,11606.0,72.88354851684973,23.62708664153037,34.94472709572478,60.996781597427606,64.3675854368714,90.7430697871162,10.619119956812062,7.345608088374456,52.85241685608544,36.57452911850378,175.78357280835812,57.69143012723246,86.46638973051586,142.75177410897007,3.0
149.0,11684.0,170.6896369627841,169.94437537637006,34.94472709572478,60.996781597427606,64.3675854368714,90.7430697871162,10.619119956812062,7.345608088374456,52.85241685608544,36.57452911850378,175.78357280835812,57.69143012723246,86.46638973051586,142.75177410897007,5.0
150.0,11840.0,0.44175462614466365,116.29104367923327,34.94472709572478,60.996781597427606,64.3675854368714,90.7430697871162,10.619119956812062,7.345608088374456,52.85241685608544,36.57452911850378,175.78357280835812,57.69143012723246,86.46638973051586,142.75177410897007,0.0
151.0,11344.0,132.40578594430048,30.622599976834984,34.94472709572478,60.996781597427606,64.3675854368714,90.7430697871162,10.619119956812062,7.345608088374456,52.85241685608544,36.57452911850378,175.78357280835812,57.69143012723246,86.46638973051586,142.75177410897007,4.0
152.0,11925.0,101.53056780296599,159.923719044202,34.94472709572478,60.996781597427606,64.3675854368714,90.7430697871162,10.619119956812062,7.345608088374456,52.85241685608544,36.57452911850378,175.78357280835812,57.69143012723246,86.46638973051586,142.75177410897007,5.0
153.0,11487.0,160.54506230488164,150.56404476775015,34.94472709572478,60.996781597427606,64.3675854368714,90.7430697871162,10.619119956812062,7.345608088374456,52.85241685608544,36.57452911850378,175.78357280835812,57.69143012723246,86.46638973051586,142.75177410897007,5.0
154.0,11533.0,33.769962981743504,129.7637662275501,34.94472709572478,60.996781597427606,64.3675854368714,90.7430697871162,10.619119956812062,7.345608088374456,52.85241685608544,36.57452911850378,175.78357280835812,57.69143012723246,86.46638973051586,142.75177410897007,5.0
155.0,11530.0,111.9925458175161,35.10373049752089,34.94472709572478,60.996781597427606,64.3675854368714,90.7430697871162,10.619119956812062,7.345608088374456,52.85241685608544,36.57452911850378,175.78357280835812,57.69143012723246,86.46638973051586,142.75177410897007,4.0
156.0,11828.0,89.34174163390114,173.33261087619064,34.94472709572478,60.996781597427606,64.3675854368714,90.7430697871162,10.619119956812062,7.345608088374456,52.85241685608544,36.57452911850378,175.78357280835812,57.69143012723246,86.46638973051586,142.75177410897007,5.0
157.0,11858.0,171.5628646389774,195.87126139727337,34.94472709572478,60.996781597427606,64.3675854368714,90.7430697871162,10.619119956812062,7.345608088374456,52.85241685608544,36.57452911850378,175.78357280835812,57.69143012723246,86.46638973051586,142.75177410897007,5.0
158.0,11844.0,189.17852495846293,23.76391566705225,34.94472709572478,60.996781597427606,64.3675854368714,90.7430697871162,10.619119956812062,7.345608088374456,52.85241685608544,36.57452911850378,175.78357280835812,57.69143012723246,86.46638973051586,142.75177410897007,4.0
159.0,11662.0,165.95341127741244,185.20846278408726,34.94472709572478,60.996781597427606,64.3675854368714,90.7430697871162,10.619119956812062,7.345608088374456,52.85241685608544,36.57452911850378,175.78357280835812,57.69143012723246,86.46638973051586,142.75177410897007,5.0
160.0,11917.0,121.07601942733316,38.13549774848224,34.94472709572478,60.996781597427606,64.3675854368714,90.7430697871162,10.619119956812062,7.345608088374456,52.85241685608544,36.57452911850378,175.78357280835812,57.69143012723246,86.46638973051586,142.75177410897007,4.0
161.0,11812.0,81.64530138219929,186.81576032143226,34.94472709572478,60.996781597427606,64.3675854368714,90.7430697871162,10.619119956812062,7.345608088374456,52.85241685608544,36.57452911850378,175.78357280835812,57.69143012723246,86.46638973051586,142.75177410897007,5.0
162.0,11687.0,80.99583480551433,10.381352572890968,34.94472709572478,60.996781597427606,64.3675854368714,90.7430697871162,10.619119956812062,7.345608088374456,52.85241685608544,36.57452911850378,175.78357280835812,57.69143012723246,86.46638973051586,142.75177410897007,0.0
163.0,11776.0,98.23583300023057,62.0411638004881,34.94472709572478,60.996781597427606,64.3675854368714,90.7430697871162,10.619119956812062,7.345608088374456,52.85241685608544,36.57452911850378,175.78357280835812,57.69143012723246,86.46638973051586,142.75177410897007,1.0
164.0,11699.0,118.9170823525956,31.297912842499564,34.94472709572478,60.996781597427606,64.3675854368714,90.7430697871162,10.619119956812062,7.345608088374456,52.85241685608544,36.57452911850378,175.78357280835812,57.69143012723246,86.46638973051586,142.75177410897007,4.0
165.0,11312.0,122.05311407658697,140.11997940489562,34.94472709572478,60.996781597427606,64.3675854368714,90.7430697871162,10.619119956812062,7.345608088374456,52.85241685608544,36.57452911850378,175.78357280835812,57.69143012723246,86.46638973051586,142.75177410897007,5.0
166.0,11497.0,44.8091483827872,93.26075288285516,34.94472709572478,60.996781597427606,64.3675854368714,90.7430697871162,10.619119956812062,7.345608088374456,52.85241685608544,36.57452911850378,175.78357280835812,57.69143012723246,86.46638973051586,142.75177410897007,1.0
167.0,11271.0,160.9932142715814,118.19525309180743,34.94472709572478,60.996781597427606,64.3675854368714,90.7430697871162,10.619119956812062,7.345608088374456,52.85241685608544,36.57452911850378,175.78357280835812,57.69143012723246,86.46638973051586,142.75177410897007,4.0
168.0,11478.0,156.02509184340846,20.86294727205886,34.94472709572478,60.996781597427606,64.3675854368714,90.7430697871162,10.619119956812062,7.345608088374456,52.85241685608544,36.57452911850378,175.78357280835812,57.69143012723246,86.46638973051586,142.75177410897007,4.0
169.0,11410.0,149.98685170091932,11.714696364723087,34.94472709572478,60.996781597427606,64.3675854368714,90.7430697871162,10.619119956812062,7.345608088374456,52.85241685608544,36.57452911850378,175.78357280835812,57.69143012723246,86.46638973051586,142.75177410897007,4.0
170.0,11576.0,188.75052800385532,47.317308286213525,34.94472709572478,60.996781597427606,64.3675854368714,90.7430697871162,10.619119956812062,7.345608088374456,52.85241685608544,36.57452911850378,175.78357280835812,57.69143012723246,86.46638973051586,142.75177410897007,4.0
171.0,11335.0,194.25334547184923,31.822870944102966,34.94472709572478,60.996781597427606,64.3675854368714,90.7430697871162,10.619119956812062,7.345608088374456,52.85241685608544,36.57452911850378,175.78357280835812,57.69143012723246,86.46638973051586,142.75177410897007,4.0
172.0,11769.0,53.85200732439914,188.37177172217417,34.94472709572478,60.996781597427606,64.3675854368714,90.7430697871162,10.619119956812062,7.345608088374456,52.85241685608544,36.57452911850378,175.78357280835812,57.69143012723246,86.46638973051586,142.75177410897007,5.0
173.0,11842.0,47.234161247297465,19.58936488391676,34.94472709572478,60.996781597427606,64.3675854368714,90.7430697871162,10.619119956812062,7.345608088374456,52.85241685608544,36.57452911850378,175.78357280835812,57.69143012723246,86.46638973051586,142.75177410897007,3.0
174.0,11593.0,130.53391775072072,142.3549852234368,34.94472709572478,60.996781597427606,64.3675854368714,90.7430697871162,10.619119956812062,7.345608088374456,52.85241685608544,36.57452911850378,175.78357280835812,57.69143012723246,86.46638973051586,142.75177410897007,5.0
175.0,11709.0,72.34138363747667,27.388755756907514,34.94472709572478,60.996781597427606,64.3675854368714,90.7430697871162,10.619119956812062,7.345608088374456,52.85241685608544,36.57452911850378,175.78357280835812,57.69143012723246,86.46638973051586,142.75177410897007,3.0
176.0,11360.0,39.667573262168546,53.10244619122311,34.94472709572478,60.996781597427606,64.3675854368714,90.7430697871162,10.619119956812062,7.345608088374456,52.85241685608544,36.57452911850378,175.78357280835812,57.69143012723246,86.46638973051586,142.75177410897007,0.0
177.0,11343.0,35.55965690035785,137.17937735204004,34.94472709572478,60.996781597427606,64.3675854368714,90.7430697871162,10.619119956812062,7.345608088374456,52.85241685608544,36.57452911850378,175.78357280835812,57.69143012723246,86.46638973051586,142.75177410897007,5.0
178.0,11249.0,162.79935458825648,198.1187670459873,34.94472709572478,60.996781597427606,64.3675854368714,90.7430697871162,10.619119956812062,7.345608088374456,52.85241685608544,36.57452911850378,175.78357280835812,57.69143012723246,86.46638973051586,142.75177410897007,5.0
179.0,11695.0,33.01786641387447,70.72608467206119,34.94472709572478,60.996781597427606,64.3675854368714,90.7430697871162,10.619119956812062,7.345608088374456,52.85241685608544,36.57452911850378,175.78357280835812,57.69143012723246,86.46638973051586,142.75177410897007,0.0
180.0,11309.0,80.33170732105148,104.17582515203149,34.94472709572478,60.996781597427606,64.3675854368714,90.7430697871162,10.619119956812062,7.345608088374456,52.85241685608544,36.57452911850378,175.78357280835812,57.69143012723246,86.46638973051586,142.75177410897007,1.0
181.0,11321.0,25.83551818436076,67.3092740798133,34.94472709572478,60.996781597427606,64.3675854368714,90.7430697871162,10.619119956812062,7.345608088374456,52.85241685608544,36.57452911850378,175.78357280835812,57.69143012723246,86.46638973051586,142.75177410897007,0.0
182.0,11872.0,117.82171229094587,109.9189287147802,34.94472709572478,60.996781597427606,64.3675854368714,90.7430697871162,10.619119956812062,7.345608088374456,52.85241685608544,36.57452911850378,175.78357280835812,57.69143012723246,86.46638973051586,142.75177410897007,5.0
183.0,11966.0,99.3859283895106,42.857019534888984,34.94472709572478,60.996781597427606,64.3675854368714,90.7430697871162,10.619119956812062,7.345608088374456,52.85241685608544,36.57452911850378,175.78357280835812,57.69143012723246,86.46638973051586,142.75177410897007,1.0
184.0,11668.0,20.403793247562476,158.82740814521094,34.94472709572478,60.996781597427606,64.3675854368714,90.7430697871162,10.619119956812062,7.345608088374456,52.85241685608544,36.57452911850378,175.78357280835812,57.69143012723246,86.46638973051586,142.75177410897007,5.0
185.0,11581.0,131.06897462745465,83.95997528036081,34.94472709572478,60.996781597427606,64.3675854368714,90.7430697871162,10.619119956812062,7.345608088374456,52.85241685608544,36.57452911850378,175.78357280835812,57.69143012723246,86.46638973051586,142.75177410897007,4.0
186.0,11210.0,37.717449840699736,114.28940097988685,34.94472709572478,60.996781597427606,64.3675854368714,90.7430697871162,10.619119956812062,7.345608088374456,52.85241685608544,36.57452911850378,175.78357280835812,57.69143012723246,86.46638973051586,142.75177410897007,1.0
187.0,11390.0,110.12877536876655,178.64366224784374,34.94472709572478,60.996781597427606,64.3675854368714,90.7430697871162,10.619119956812062,7.345608088374456,52.85241685608544,36.57452911850378,175.78357280835812,57.69143012723246,86.46638973051586,142.75177410897007,5.0
188.0,11929.0,49.42540237272877,51.46715413381302,34.94472709572478,60.996781597427606,64.3675854368714,90.7430697871162,10.619119956812062,7.345608088374456,52.85241685608544,36.57452911850378,175.78357280835812,57.69143012723246,86.46638973051586,142.75177410897007,0.0
189.0,11772.0,115.99581873712862,69.0299070616365,34.94472709572478,60.996781597427606,64.3675854368714,90.7430697871162,10.619119956812062,7.345608088374456,52.85241685608544,36.57452911850378,175.78357280835812,57.69143012723246,86.46638973051586,142.75177410897007,4.0
190.0,11458.0,103.96631445954038,181.93225806833448,34.94472709572478,60.996781597427606,64.3675854368714,90.7430697871162,10.619119956812062,7.345608088374456,52.85241685608544,36.57452911850378,175.78357280835812,57.69143012723246,86.46638973051586,142.75177410897007,5.0
191.0,11334.0,166.4476040466068,157.69203134270583,34.94472709572478,60.996781597427606,64.3675854368714,90.7430697871162,10.619119956812062,7.345608088374456,52.85241685608544,36.57452911850378,175.78357280835812,57.69143012723246,86.46638973051586,142.75177410897007,5.0
192.0,11479.0,132.70415531835923,12.861540237981274,34.94472709572478,60.996781597427606,64.3675854368714,90.7430697871162,10.619119956812062,7.345608088374456,52.85241685608544,36.57452911850378,175.78357280835812,57.69143012723246,86.46638973051586,142.75177410897007,4.0
193.0,11772.0,83.84226380754856,24.093919776301508,34.94472709572478,60.996781597427606,64.3675854368714,90.7430697871162,10.619119956812062,7.345608088374456,52.85241685608544,36.57452911850378,175.78357280835812,57.69143012723246,86.46638973051586,142.75177410897007,3.0
194.0,11974.0,35.02064190540275,199.47138756128865,34.94472709572478,60.996781597427606,64.3675854368714,90.7430697871162,10.619119956812062,7.345608088374456,52.85241685608544,36.57452911850378,175.78357280835812,57.69143012723246,86.46638973051586,142.75177410897007,5.0
195.0,11406.0,19.68177919637948,110.90475219557683,34.94472709572478,60.996781597427606,64.3675854368714,90.7430697871162,10.619119956812062,7.345608088374456,52.85241685608544,36.57452911850378,175.78357280835812,57.69143012723246,86.46638973051586,142.75177410897007,1.0
196.0,11723.0,191.4028695824848,31.495933405636613,34.94472709572478,60.996781597427606,64.3675854368714,90.7430697871162,10.619119956812062,7.345608088374456,52.85241685608544,36.57452911850378,175.78357280835812,57.69143012723246,86.46638973051586,142.75177410897007,4.0
197.0,11793.0,144.917007264942,71.26447237499944,34.94472709572478,60.996781597427606,64.3675854368714,90.7430697871162,10.619119956812062,7.345608088374456,52.85241685608544,36.57452911850378,175.78357280835812,57.69143012723246,86.46638973051586,142.75177410897007,4.0
198.0,11549.0,27.655843916556066,54.479981342763814,34.94472709572478,60.996781597427606,64.3675854368714,90.7430697871162,10.619119956812062,7.345608088374456,52.85241685608544,36.57452911850378,175.78357280835812,57.69143012723246,86.46638973051586,142.75177410897007,0.0
199.0,11451.0,145.06303916475755,98.85812192307466,34.94472709572478,60.996781597427606,64.3675854368714,90.7430697871162,10.619119956812062,7.345608088374456,52.85241685608544,36.57452911850378,175.78357280835812,57.69143012723246,86.46638973051586,142.75177410897007,4.0
